David Walker,25,ショーシャンクの空に,バスケットボール,料理
Sophia Martinez,30,スター・ウォーズ,クリケット,園芸
James King,22,エクソシスト,テニス,旅行
Ava Lopez,28,トイ・ストーリー,野球,写真撮影
Michael White,35,タイタニック,ラグビー,絵画
Isabella Allen,27,ゴーストバスターズ,ゴルフ,ハイキング
Liam Rodriguez,31,ダイ・ハード,サッカー,読書
Emily Scott,26,ショーシャンクの空に,バスケットボール,料理
Noah Baker,29,スター・ウォーズ,クリケット,園芸
Mia Adams,24,エクソシスト,テニス,旅行
Elijah Clark,32,トイ・ストーリー,野球,写真撮影
Olivia Thompson,28,タイタニック,ラグビー,絵画
Mason Harris,33,ゴーストバスターズ,ゴルフ,ハイキング
Amelia Green,27,ダイ・ハード,サッカー,読書
Alexander Lee,25,ショーシャンクの空に,バスケットボール,料理
Abigail Martinez,30,スター・ウォーズ,クリケット,園芸
William White,22,エクソシスト,テニス,旅行
Harper Allen,28,トイ・ストーリー,野球,写真撮影
Joshua Rodriguez,35,タイタニック,ラグビー,絵画
Charlotte Walker,27,ゴーストバスターズ,ゴルフ,ハイキング
